<?xml version="1.0" encoding="UTF-8"?>
<!DOCTYPE hibernate-mapping PUBLIC "-//Hibernate/Hibernate Mapping DTD//EN"
        "http://hibernate.sourceforge.net/hibernate-mapping-3.0.dtd">

<!--
  - Mapping file for the Person.
-->
<hibernate-mapping package="com.azoft.poker.common.persistence" default-cascade="none" default-access="property"
                   default-lazy="true" auto-import="true">

    <class name="com.azoft.poker.common.persistence.person.Person" table="person">
        <id name="id" column="id" unsaved-value="null">
            <generator class="native"/>
        </id>
        <property name="username" column="user_name"/>
        <property name="accountType" column="account_type"/>
        <property name="socialNetworkID" column="social_network_id"/>
        <property name="firstName" column="first_name"/>
        <property name="lastName" column="last_name"/>
        <property name="balance" column="balance"/>
        <property name="registrationDate" column="registration_date"/>
        <property name="dateOfBirth" column="date_of_birth"/>
        <property name="sex" column="sex"/>
        <property name="location" column="location"/>
        <property name="sessionStartDate" column="session_start_date"/>
        <many-to-one name="parent" class="com.azoft.poker.common.persistence.person.Person" column="parent_id"
                     not-null="false" lazy="false"/>
        <property name="existsParentBonus" column="exists_parent_bonus"/>
    </class>

</hibernate-mapping>