<?xml version="1.0" encoding="UTF-8"?>
<!DOCTYPE hibernate-mapping PUBLIC "-//Hibernate/Hibernate Mapping DTD//EN"
        "http://hibernate.sourceforge.net/hibernate-mapping-3.0.dtd">

<!--
  - Mapping file for the EventEntity.
-->
<hibernate-mapping package="com.azoft.poker.common.persistence" default-cascade="none" default-access="property"
                   default-lazy="false" auto-import="true">
    <class name="com.azoft.poker.common.persistence.event.EventEntity" table="event_entity"
           mutable="true" polymorphism="implicit" dynamic-update="false" dynamic-insert="false"
           select-before-update="false">
        <id name="id" column="id" unsaved-value="null">
            <generator class="native"/>
        </id>
        <property name="eventType" column="event_type"/>
        <property name="timeStamp" column="time_stamp"/>
        <property name="referenceId" column="reference_id"/>

        <map name="attributes" table="event_entity_ca" cascade="all-delete-orphan" mutable="true" inverse="false"
             sort="unsorted" optimistic-lock="true" embed-xml="true">
            <key on-delete="noaction">
                <column name="event_entity_id" index="fk_event_entity_id"/>
            </key>
            <map-key type="string" column="name"/>
            <element type="string" column="value" length="4000" not-null="false" unique="false"/>
        </map>
    </class>

</hibernate-mapping>
