<?xml version="1.0" encoding="UTF-8" ?>
<!DOCTYPE struts PUBLIC
    "-//Apache Software Foundation//DTD Struts Configuration 2.0//EN"
    "http://struts.apache.org/dtds/struts-2.0.dtd">
<struts>
    <constant name="struts.devMode" value="true" />
    <constant name="struts.action.extension" value="" />

    <package name="default" abstract="true" extends="struts-default">
        <result-types>
            <result-type name="freemarker" default="true"
                class="org.apache.struts2.views.freemarker.FreemarkerResult" />
        </result-types>

        <interceptors>
            <interceptor name="login"
                class="com.azoft.poker.adminclient.interceptors.LoginInterceptor" />
            <interceptor name="prepare"
                class="com.azoft.poker.adminclient.interceptors.PrepareInterceptor" />          

            <interceptor-stack name="coreStack">
                <interceptor-ref name="servletConfig" />
                <interceptor-ref name="prepare" />
                <interceptor-ref name="login" />
                <interceptor-ref name="staticParams" />
                <interceptor-ref name="params" />
                <interceptor-ref name="servletConfig" />
                <interceptor-ref name="modelDriven" />
                <interceptor-ref name="checkbox" />
                <interceptor-ref name="params" />
                <interceptor-ref name="conversionError" />
                <interceptor-ref name="validation">
                    <param name="excludeMethods">list, cancelUpdate, cancelInsert</param>
                </interceptor-ref>
                <interceptor-ref name="workflow">
                    <param name="excludeMethods">execute, list, cancelUpdate,
                        cancelInsert</param>
                    <param name="inputResultName">validationError</param>
                </interceptor-ref>
            </interceptor-stack>


            <interceptor-stack name="editStack">
                <interceptor-ref name="login" />
                <interceptor-ref name="alias" />
                <interceptor-ref name="staticParams" />
                <interceptor-ref name="params" />
                <interceptor-ref name="servletConfig" />
                <interceptor-ref name="prepare">
                    <param name="alwaysInvokePrepare">false</param>
                </interceptor-ref>
                <interceptor-ref name="i18n" />
                <interceptor-ref name="chain" />
                <interceptor-ref name="modelDriven" />
                <interceptor-ref name="fileUpload" />
                <interceptor-ref name="checkbox" />
                <interceptor-ref name="staticParams" />
                <interceptor-ref name="params" />
                <interceptor-ref name="conversionError" />
                <interceptor-ref name="validation">
                    <param name="excludeMethods">insert, update,
                        cancelUpdate,
                        cancelInsert</param>
                </interceptor-ref>
                <interceptor-ref name="workflow">
                    <param name="excludeMethods">execute, view, insert, update,
                        cancelUpdate, cancelInsert</param>
                </interceptor-ref>
            </interceptor-stack>
        </interceptors>
        <default-interceptor-ref name="coreStack" />

        <global-results>
            <result name="login">/engine/login.ftl</result>
            <result name="exception">/engine/exception.ftl</result>
        </global-results>


    </package>

    <package name="style" namespace="/style" extends="default">
        <action name="*"
            class="com.azoft.poker.adminclient.actions.NoOpAction">
            <result>
                <param name="location">/style/{1}.css</param>
                <param name="contentType">text/css</param>
            </result>
        </action>
    </package>

    <package name="scripts" namespace="/scripts" extends="default">
        <action name="*"
            class="com.azoft.poker.adminclient.actions.NoOpAction">
            <result>
                <param name="location">{1}.js</param>
                <param name="contentType">text/javascript</param>
            </result>
        </action>
    </package>

    <package name="images" namespace="/images" extends="default">
        <action name="*.*"
            class="com.azoft.poker.adminclient.actions.NoOpAction">
            <result>
                <param name="location">{1}.{2}</param>
                <param name="contentType">image/{2}</param>
            </result>
        </action>
    </package>

    <package name="engine" extends="default">
        <action name="index"
            class="com.azoft.poker.adminclient.actions.NoOpAction"
            method="execute">
            <!-- temporal decision -->
            <result type="redirect">/Tournament/index.action</result>
        </action>

        <action name="logout" method="logout"
            class="com.azoft.poker.adminclient.actions.NoOpAction">
            <interceptor-ref name="coreStack"></interceptor-ref>
            <result type="redirect">/index.action?message=login.logged_out
            </result>
        </action>

        <action name="Tournament/index" method="execute"
            class="com.azoft.poker.adminclient.actions.NoOpAction">
            <interceptor-ref name="coreStack"></interceptor-ref>
            <result name="success" type="redirect">/Tournament/List.action
            </result>
            <param name="tab">Tournament</param>
        </action>

        <action name="User/index" method="execute"
            class="com.azoft.poker.adminclient.actions.NoOpAction">
            <interceptor-ref name="coreStack"></interceptor-ref>
            <result name="success" type="redirect">/User/List.action
            </result>
            <param name="tab">User</param>
        </action>

        <action name="*/*/submitInsert" method="submitInsert"
            class="com.azoft.poker.adminclient.actions.{1}.{1}{2}Action">
            <interceptor-ref name="editStack"></interceptor-ref>
            <result name="success" type="redirectAction">
                <param name="actionName">/{1}/{2}/view?pk=${pk}</param>
            </result>
            <result name="input">/com/azoft/poker/adminclient/actions/{1}/{1}{2}.ftl
            </result>
            <result name="cancel" type="redirectAction">
                <param name="actionName">/{1}/index</param>
            </result>
            <param name="tab">{1}</param>
            <param name="actionKind">insert</param>
        </action>

        <action name="*/*/submitUpdate" method="submitUpdate"
            class="com.azoft.poker.adminclient.actions.{1}.{1}{2}Action">
            <interceptor-ref name="editStack"></interceptor-ref>
            <result name="success" type="redirectAction">
                <param name="actionName">/{1}/{2}/view?pk=${pk}</param>
            </result>
            <result name="input">/com/azoft/poker/adminclient/actions/{1}/{1}{2}.ftl
            </result>
            <result name="cancel" type="redirectAction">
                <param name="actionName">/{1}/{2}/view?pk=${pk}</param>
            </result>
            <result name="access_denied" type="redirectAction">
                <param name="actionName">/{1}/{2}/view?pk=${pk}&amp;message=current.error.not_editable</param>
            </result>
            <param name="tab">{1}</param>
            <param name="actionKind">update</param>
        </action>

        <action name="*/*/update" method="update"
            class="com.azoft.poker.adminclient.actions.{1}.{1}{2}Action">
            <interceptor-ref name="editStack"></interceptor-ref>
            <result name="success">/com/azoft/poker/adminclient/actions/{1}/{1}{2}.ftl
            </result>
            <result name="access_denied" type="redirectAction">
                <param name="actionName">/{1}/{2}/view?pk=${pk}&amp;message=current.error.not_editable</param>
            </result>
            <param name="tab">{1}</param>
            <param name="actionKind">update</param>
        </action>

        <action name="ajax/*/*"
            class="com.azoft.poker.adminclient.actions.{1}.ajax.{1}{2}Action"
            method="execute">
            <interceptor-ref name="coreStack" />
            <result name="success">/com/azoft/poker/adminclient/actions/{1}/ajax/{1}{2}.ftl
            </result>
        </action>

        <action name="*/*" method="execute"
            class="com.azoft.poker.adminclient.actions.{1}.{1}{2}Action">
            <interceptor-ref name="coreStack" />
            <result name="success">/com/azoft/poker/adminclient/actions/{1}/{1}{2}.ftl
            </result>
            <param name="tab">{1}</param>
        </action>

        <action name="*/*/*" method="{3}"
            class="com.azoft.poker.adminclient.actions.{1}.{1}{2}Action">
            <interceptor-ref name="editStack"></interceptor-ref>
            <result name="success">/com/azoft/poker/adminclient/actions/{1}/{1}{2}.ftl
            </result>
            <result name="input">/com/azoft/poker/adminclient/actions/{1}/{1}{2}.ftl
            </result>
            <param name="tab">{1}</param>
            <param name="actionKind">{3}</param>
        </action>
    </package>

</struts>
