<?xml version="1.0" encoding="UTF-8" standalone="yes"?>
<!--
Configuration for unit-test - check errors
-->
<bots>
    <bot>
        <login>Bot1</login>
        <password>Bot1-pwd</password>
        <id>12N3451</id>
        <first-name>Vasya</first-name>
        <last-name>Pupkin</last-name>
        <blinds>
            <big-blind>20</big-blind>
            <big-blind>200</big-blind>
        </blinds>
        <new-table>no</new-table>
        <conf>loose-pass1.xml</conf>
    </bot>
    <bot>
        <login>Bot2</login>
        <password>Bot2-pwd</password>
        <id>1234 52</id>
        <first-name>Vasya2</first-name>
        <last-name>Pupkin2</last-name>
        <blinds>
            <big-blind>2000</big-blind>
            <big-blind>n</big-blind>
        </blinds>
        <new-table>yes</new-table>
        <conf>loose-pass2.xml</conf>
    </bot>
    <bot>
        <login>Bot3</login>
        <password>Bot3-pwd</password>
        <id>123453</id>
        <first-name>Vasya3</first-name>
        <last-name>Pupkin3</last-name>
        <blinds>
            <big-blind>20</big-blind>
            <big-blind>2H0</big-blind>
            <big-blind>2000</big-blind>
        </blinds>
        <conf>loose-pass3 ASD.xml</conf>
    </bot>
</bots>