<?xml version="1.0" encoding="UTF-8" standalone="yes"?>
<!--
Run configuration - 2 bots
-->
<bots>
    <bot>
        <login>Bot1</login>
        <password>Bot1-pwd</password>
        <id>1001</id>
        <first-name>Ivan</first-name>
        <last-name>Ivanov</last-name>
        <blinds>
            <big-blind>2</big-blind>
        </blinds>
        <new-table>yes</new-table>
        <conf>behaviour\bot_behaviour_run_1.xml</conf>
    </bot>
    <bot>
        <login>Bot2</login>
        <password>Bot2-pwd</password>
        <id>1002</id>
        <first-name>Semen</first-name>
        <last-name>Sidorov</last-name>
        <blinds>
            <big-blind>2</big-blind>
        </blinds>
        <new-table>no</new-table>
        <conf>behaviour\bot_behaviour_run_1.xml</conf>
    </bot>
</bots>