<?xml version="1.0"  encoding="UTF-8"  standalone="yes"?>
<ns2:users_getInfo_response xmlns:ns2="http://api.forticom.com/1.0/">
    <user>
        <uid>AAA</uid>
        <first_name>First name 1</first_name>
        <last_name>Last name 1</last_name>
        <name>Name 1</name>
        <gender>male</gender>
        <birthday>1983-11-26</birthday>
        <location>
            <city>Riga</city>
            <country>latvia</country>
        </location>
    </user>
    <user>
        <uid>BBB</uid>
        <first_name>First name 2</first_name>
        <last_name>Last name 2</last_name>
        <location>
            <country>Russia</country>
        </location>
    </user>
    <user>
        <uid>CCC</uid>
        <first_name>First name 3</first_name>
        <last_name>Last name 3</last_name>
        <name>Name 3</name>
        <birthday>2001-02-15</birthday>
        <gender>female</gender>
        <location>
            <country>Russia</country>
            <city>Novosibirsk</city>
        </location>
    </user>
</ns2:users_getInfo_response>