<?xml version="1.0" encoding="UTF-8"?>
<!DOCTYPE hibernate-mapping PUBLIC "-//Hibernate/Hibernate Mapping DTD//EN"
        "http://hibernate.sourceforge.net/hibernate-mapping-3.0.dtd">

<!--
  - Mapping file for the News.
-->
<hibernate-mapping package="com.azoft.poker.common.persistence" default-cascade="none" default-access="property"
                   default-lazy="true" auto-import="true">

    <class name="com.azoft.poker.common.persistence.news.News" table="news">
        <id name="id" column="id" unsaved-value="null">
            <generator class="native"/>
        </id>
        <property name="timeStamp" column="time_stamp"/>
        <property name="preview" column="preview"/>
        <property name="body" column="body"/>
        <property name="privateAccess" column="private_access"/>
    </class>

</hibernate-mapping>