<?xml version="1.0" encoding="UTF-8"?>
<!DOCTYPE hibernate-mapping PUBLIC "-//Hibernate/Hibernate Mapping DTD//EN"
        "http://hibernate.sourceforge.net/hibernate-mapping-3.0.dtd">

<!--
  - Mapping file for the NewsPersonLink.
-->
<hibernate-mapping package="com.azoft.poker.common.persistence" default-cascade="none" default-access="property"
                   default-lazy="false" auto-import="true">

    <class name="com.azoft.poker.common.persistence.news.NewsPersonLink" table="news_person_link" lazy="false">
        <id name="id" column="id">
            <generator class="native"/>
        </id>
        <many-to-one name="news" class="com.azoft.poker.common.persistence.news.News" column="news_id"
                     not-null="true" lazy="false"/>
        <many-to-one name="person" class="com.azoft.poker.common.persistence.person.Person" column="person_id"
                     not-null="true" lazy="false"/>
        <property name="read" column="is_read"/>
    </class>

</hibernate-mapping>