<?xml version="1.0" encoding="UTF-8"?>
<!DOCTYPE hibernate-mapping PUBLIC "-//Hibernate/Hibernate Mapping DTD//EN"
        "http://hibernate.sourceforge.net/hibernate-mapping-3.0.dtd">

<!--
  - Mapping file for the PersonCache.
-->
<hibernate-mapping package="com.azoft.poker.common.persistence" default-cascade="none" default-access="property"
                   default-lazy="true" auto-import="true">

    <class name="com.azoft.poker.common.persistence.personcache.PersonCache" table="person_cache">
        <id name="id" column="id" unsaved-value="null">
            <generator class="native"/>
        </id>
        <property name="personId" column="person_id"/>
        <property name="gameBalance" column="game_balance"/>
        <property name="tournamentId" column="tournament_id"/>
    </class>

</hibernate-mapping>