<?xml version="1.0" encoding="UTF-8"?>
<!DOCTYPE hibernate-mapping PUBLIC "-//Hibernate/Hibernate Mapping DTD//EN"
        "http://hibernate.sourceforge.net/hibernate-mapping-3.0.dtd">

<!--
  - Mapping file for the QuantityInfoEntity.
-->
<hibernate-mapping package="com.azoft.poker.common.persistence" default-cascade="none" default-access="property"
                   default-lazy="true" auto-import="true">

    <class name="com.azoft.poker.common.persistence.quantityinfoentity.QuantityInfoEntity" table="quantity_info_entity">
        <id name="id" column="id" unsaved-value="null">
            <generator class="native"/>
        </id>
        <property name="timeStamp" column="time_stamp"/>
        <property name="quantityOfNewRegistrations" column="quantity_new_registrations"/>
        <property name="quantityOfActivePlayers" column="quantity_active_players"/>
        <property name="quantityOfPaymentPlayers" column="quantity_payment_players"/>
        <property name="quantityOfOnlinePlayers" column="quantity_online_players"/>
        <property name="onlinePeakTime" column="online_peak_time"/>
    </class>

</hibernate-mapping>