<?xml version='1.0' encoding='utf-8'?>

<!DOCTYPE hibernate-configuration PUBLIC
        "-//Hibernate/Hibernate Configuration DTD 3.0//EN"
        "http://hibernate.sourceforge.net/hibernate-configuration-3.0.dtd">

<hibernate-configuration>
    <session-factory>

        <!-- Database connection settings -->
        <property name="connection.driver_class">com.mysql.jdbc.Driver</property>
        <property name="connection.url">jdbc:mysql://localhost:3306/test_pokersad?autoReconnect=true</property>
        <property name="connection.username">pokersad</property>
        <property name="connection.password">pokersad</property>
        <property name="connection.characterEncoding">UTF-8</property>
        <!-- c3p0 connection pooling properties -->
        <property name="connection.provider_class">org.hibernate.connection.C3P0ConnectionProvider</property>
        <property name="hibernate.c3p0.min_size">2</property>
        <property name="hibernate.c3p0.max_size">10</property>
        <property name="hibernate.c3p0.timeout">5000</property>
        <property name="hibernate.c3p0.idle_test_period">300</property>
        <property name="hibernate.c3p0.max_statements">100</property>
        <property name="hibernate.c3p0.acquire_increment">2</property>

        <!-- SQL dialect -->
        <property name="dialect">org.hibernate.dialect.MySQLDialect</property>
        <!-- Enable Hibernate's automatic session context management -->
        <property name="current_session_context_class">thread</property>
        <!-- Disable the second-level cache  -->
        <property name="cache.provider_class">org.hibernate.cache.NoCacheProvider</property>
        <!-- Echo all executed SQL to stdout -->
        <property name="show_sql">false</property>
        <property name="hibernate.query.substitutions">true=1, false=0</property>

        <mapping resource="com/azoft/poker/common/persistence/person/Person.hbm.xml"/>
        <mapping resource="com/azoft/poker/common/persistence/person/FriendLink.hbm.xml"/>
        <mapping resource="com/azoft/poker/common/persistence/personcache/PersonCache.hbm.xml"/>
        <mapping resource="com/azoft/poker/common/persistence/server/Server.hbm.xml"/>
        <mapping resource="com/azoft/poker/common/persistence/event/EventEntity.hbm.xml"/>
        <mapping resource="com/azoft/poker/common/persistence/tournament/Tournament.hbm.xml"/>
        <mapping resource="com/azoft/poker/common/persistence/tournament/TournamentPersonStatus.hbm.xml"/>
        <mapping resource="com/azoft/poker/common/persistence/payment/Payment.hbm.xml"/>
        <mapping resource="com/azoft/poker/common/persistence/product/Product.hbm.xml"/>
        <mapping resource="com/azoft/poker/common/persistence/quantityinfoentity/QuantityInfoEntity.hbm.xml"/>
        <mapping resource="com/azoft/poker/common/persistence/configurationattribute/ConfigurationAttribute.hbm.xml"/>
        <mapping resource="com/azoft/poker/common/persistence/news/News.hbm.xml"/>
        <mapping resource="com/azoft/poker/common/persistence/news/NewsPersonLink.hbm.xml"/>

    </session-factory>
</hibernate-configuration>
