<?xml version="1.0" encoding="UTF-8"?>
<!DOCTYPE hibernate-mapping PUBLIC "-//Hibernate/Hibernate Mapping DTD//EN"
        "http://hibernate.sourceforge.net/hibernate-mapping-3.0.dtd">

<!--
  - Mapping file for the Product.
-->
<hibernate-mapping package="com.azoft.poker.common.persistence" default-cascade="none" default-access="property"
                   default-lazy="true" auto-import="true">

    <class name="com.azoft.poker.common.persistence.product.Product" table="product">
        <id name="id" column="id" unsaved-value="null">
            <generator class="native"/>
        </id>
        <property name="productCode" column="product_code"/>
        <property name="productDescriptor" column="product_descriptor"/>
        <property name="amount" column="amount"/>
        <property name="balance" column="balance"/>
    </class>

</hibernate-mapping>