<?xml version="1.0" encoding="UTF-8"?>
<!DOCTYPE log4j:configuration PUBLIC "-//LOGGER" "log4j.dtd">

<log4j:configuration xmlns:log4j="http://jakarta.apache.org/log4j/">

    <!-- Appenders -->
    <appender name="LOG-FILE-INFO" class="org.apache.log4j.DailyRollingFileAppender">
        <param name="file" value="${catalina.base}/logs/poker-sn/adminmodule.log"/>
        <param name="DatePattern" value="'.'yyyy-MM"/>
        <layout class="org.apache.log4j.PatternLayout">
            <param name="ConversionPattern" value="%d %-5p: %c - %m%n"/>
        </layout>
        <filter class="org.apache.log4j.varia.LevelRangeFilter">
            <param name="LevelMin" value="ALL"/>
            <param name="LevelMax" value="INFO"/>
        </filter>
    </appender>

    <appender name="LOG-FILE-WARN" class="org.apache.log4j.DailyRollingFileAppender">
        <param name="file" value="${catalina.base}/logs/poker-sn/adminmodule_warning.log"/>
        <param name="DatePattern" value="'.'yyyy-MM"/>
        <layout class="org.apache.log4j.PatternLayout">
            <param name="ConversionPattern" value="%d %-5p: %c - %m%n"/>
        </layout>
        <filter class="org.apache.log4j.varia.LevelRangeFilter">
            <param name="LevelMin" value="WARN"/>
        </filter>
    </appender>

    <!-- Application Loggers -->
    <logger name="com.azoft.poker.adminmodule">
        <level value="debug"/>
    </logger>

    <!-- Common Loggers -->
    <logger name="com.azoft.poker.common">
        <level value="debug"/>
    </logger>

    <!-- Root Logger -->
    <root>
        <priority value="warn"/>
        <appender-ref ref="LOG-FILE-INFO"/>
        <appender-ref ref="LOG-FILE-WARN"/>
    </root>

</log4j:configuration>
