<?xml version="1.0" encoding="UTF-8"?>
<!DOCTYPE hibernate-mapping PUBLIC "-//Hibernate/Hibernate Mapping DTD//EN"
        "http://hibernate.sourceforge.net/hibernate-mapping-3.0.dtd">

<!--
  - Mapping file for the Payment.
-->
<hibernate-mapping package="com.azoft.poker.common.persistence" default-cascade="none" default-access="property"
                   default-lazy="true" auto-import="true">

    <class name="com.azoft.poker.common.persistence.payment.Payment" table="payment">
        <id name="id" column="id" unsaved-value="null">
            <generator class="native"/>
        </id>
        <property name="socialNetworkID" column="social_network_id"/>
        <property name="transactionTime" column="transaction_time"/>
        <property name="transactionId" column="transaction_id"/>
        <property name="productCode" column="product_code"/>
        <property name="productOption" column="product_option"/>
        <property name="amount" column="amount"/>
    </class>

</hibernate-mapping>