<?xml version="1.0" encoding="UTF-8" standalone="yes"?>
<!--
Bot behaviour for unit-test
-->
<behaviour>
    <behaviour-class>com.azoft.poker.botclient.bot.behaviour.ParametrisedBehaviour</behaviour-class>
    <min-timeout>1</min-timeout>
    <max-timeout>3</max-timeout>
    <deal value='PRE_FLOP'>
        <place value='0'>
            <bank value='0'>
                <lead value='FOLD'>any</lead>
                <lead value='CALL'>
                    <combination>F</combination>
                    <combination>s</combination>
                    <combination>22+</combination>
                </lead>
                <lead value='RAISE'>
                    <combination>FF</combination>
                    <combination>F</combination>
                    <combination>22+</combination>
                </lead>
            </bank>
            <bank value='1'>
                <lead value='FOLD'>any</lead>
                <lead value='CALL'>
                    <combination>F</combination>
                    <combination>s</combination>
                    <combination>22+</combination>
                </lead>
                <lead value='RAISE'>
                    <combination>QQ+</combination>
                    <combination>FF</combination>
                    <combination>s</combination>
                </lead>
            </bank>
        </place>
    </deal>
    <deal value='FLOP'>
        <bank value='0'>
            <lead value='FOLD'>HIGH_CARD</lead>
            <lead value='CALL'>ANY</lead>
            <lead value="RAISE">ONE_PAIR</lead>
        </bank>
        <bank value='1'>
            <lead value='FOLD'>HIGH_CARD</lead>
            <lead value='CALL'>ANY</lead>
            <lead value="RAISE">SET</lead>
        </bank>
    </deal>
    <deal value='TURN'>
        <bank value='0'>
            <lead value='FOLD'>HIGH_CARD</lead>
            <lead value='CALL'>ANY</lead>
            <lead value="RAISE">ANY</lead>
        </bank>
        <bank value='1'>
            <lead value='FOLD'>HIGH_CARD</lead>
            <lead value='CALL'>ANY</lead>
            <lead value="RAISE">SET</lead>
        </bank>
    </deal>
    <deal value='RIVER'>
        <bank value='0'>
            <lead value='FOLD'>HIGH_CARD</lead>
            <lead value='CALL'>ANY</lead>
            <lead value="RAISE">ANY</lead>
        </bank>
        <bank value='1'>
            <lead value='FOLD'>HIGH_CARD</lead>
            <lead value='CALL'>ANY</lead>
            <lead value="RAISE">SET</lead>
        </bank>
    </deal>
</behaviour>
