<?xml version="1.0" encoding="UTF-8" standalone="yes"?>
<!--
Bot behaviour for unit-test
-->
<behaviour>
    <behaviour-class>com.azoft.poker.botclient.bot.behaviour.BotBehaviour</behaviour-class>
    <min-timeout>3</min-timeout>
    <max-timeout>10</max-timeout>
    <deal value='PRE_FLOP'>
        <place value='0'>
            <bank value='0'>
                <lead value='FOLD'>any</lead>
                <lead value='CALL'>
                    <combination>s</combination>
                    <combination>F</combination>
                    <combination>23+</combination>
                </lead>
                <lead value="RAISE">99+</lead>
            </bank>
            <bank value='2'>
                <lead value='FOLD'/>
                <lead value='CALL'>ANY</lead>
                <lead value="RAISE">JJ+</lead>
            </bank>
        </place>
        <place value='2'>
            <bank value='0'>
                <lead value='FOLD'>any</lead>
                <lead value='CALL'>s</lead>
                <lead value="RAISE">99+</lead>
            </bank>
            <bank value='1'>
                <lead value='FOLD'/>
                <lead value='CALL'>ANY</lead>
                <lead value="RAISE">JJ+</lead>
            </bank>
        </place>
    </deal>
    <deal value='FLOP'>
        <bank value='0'>
            <lead value='FOLD'>HIGH_CARD</lead>
            <lead value='CALL'>ONE_PAIR</lead>
            <lead value="RAISE">TWO_PAIR</lead>
        </bank>
    </deal>
    <deal value='TURN'>
        <bank value='0'>
            <lead value='FOLD'>HIGH_CARD</lead>
            <lead value='CALL'>ONE_PAIR</lead>
            <lead value="RAISE">SET</lead>
        </bank>
        <bank value='2'>
            <lead value='FOLD'>ONE_PAIR</lead>
            <lead value='CALL'>TWO_PAIR</lead>
            <lead value="RAISE">FLUSH</lead>
        </bank>
        <bank value='3'>
            <lead value='FOLD'>TWO_PAIR</lead>
            <lead value='CALL'>SET</lead>
            <lead value="RAISE">FULL_HOUSE</lead>
        </bank>
    </deal>
</behaviour>
