<?xml version="1.0" encoding="UTF-8"?>
<!DOCTYPE hibernate-mapping PUBLIC "-//Hibernate/Hibernate Mapping DTD//EN"
        "http://hibernate.sourceforge.net/hibernate-mapping-3.0.dtd">

<!--
  - Mapping file for the Tournament.
-->
<hibernate-mapping package="com.azoft.poker.common.persistence" default-cascade="none" default-access="property"
                   default-lazy="false" auto-import="true">

    <class name="com.azoft.poker.common.persistence.tournament.Tournament" table="tournament"
           mutable="true" polymorphism="implicit" dynamic-update="false" dynamic-insert="false"
           select-before-update="false">
        <id name="id" column="id">
            <generator class="native"/>
        </id>
        <property name="name" column="name"/>
        <property name="type" column="type"/>
        <property name="status" column="status"/>
        <property name="minPlayersCount" column="min_players_count"/>
        <property name="maxPlayersCount" column="max_players_count"/>
        <property name="fee" column="fee"/>
        <property name="winnerCount" column="winner_count"/>
        <property name="startChipsCount" column="start_chips_count"/>
        <property name="fromDate" column="from_date"/>
        <property name="toDate" column="to_date"/>
        <property name="descriptor" column="descriptor"/>

        <map name="attributes" table="tournament_ca" cascade="all-delete-orphan" mutable="true" inverse="false"
             sort="unsorted" optimistic-lock="true" embed-xml="true">
            <key on-delete="noaction">
                <column name="tournament_id" index="fk_tournament_id"/>
            </key>
            <map-key type="string" column="name"/>
            <element type="string" column="value" length="4000" not-null="false" unique="false"/>
        </map>
    </class>

</hibernate-mapping>