<?xml version="1.0" encoding="UTF-8"?>
<!DOCTYPE hibernate-mapping PUBLIC "-//Hibernate/Hibernate Mapping DTD//EN"
        "http://hibernate.sourceforge.net/hibernate-mapping-3.0.dtd">

<!--
  - Mapping file for the TournamentPersonStatus.
-->
<hibernate-mapping package="com.azoft.poker.common.persistence" default-cascade="none" default-access="property"
                   default-lazy="false" auto-import="true">

    <class name="com.azoft.poker.common.persistence.tournament.TournamentPersonStatus" table="tournament_person_status"
           lazy="false">
        <id name="id" column="id">
            <generator class="native"/>
        </id>
        <property name="tournamentBalance" column="tournament_balance"/>
        <property name="paymentsNumber" column="payments_number"/>
        <property name="leavingTime" column="leaving_time"/>
        <many-to-one name="person" class="com.azoft.poker.common.persistence.person.Person" column="person_id"
                     not-null="true" lazy="false"/>
        <many-to-one name="tournament"
                     class="com.azoft.poker.common.persistence.tournament.Tournament"
                     column="tournament_id" not-null="true" lazy="false"/>
    </class>

</hibernate-mapping>
