<?xml version="1.0" encoding="UTF-8"?>
<!DOCTYPE hibernate-mapping PUBLIC "-//Hibernate/Hibernate Mapping DTD//EN"
        "http://hibernate.sourceforge.net/hibernate-mapping-3.0.dtd">

<!--
  - Mapping file for the ConfigurationAttribute.
-->
<hibernate-mapping package="com.azoft.poker.common.persistence" default-cascade="none" default-access="property"
                   default-lazy="true" auto-import="true">

    <class name="com.azoft.poker.common.persistence.configurationattribute.ConfigurationAttribute"
           table="configuration_attribute">
        <id name="id" column="id" unsaved-value="null">
            <generator class="native"/>
        </id>
        <property name="type" column="type"/>
        <property name="name" column="name"/>
        <property name="value" column="value"/>
    </class>

</hibernate-mapping>