<?xml version="1.0" encoding="utf-8"?>
<gadget>
  <name>Информация о покере</name>
  <version>1.0.0.0</version>
  <author name="Azoft"/>
  <copyright>© 2010 Azoft</copyright>
  <description>Просмотр информации о покере.</description>
  <icons>
    <icon height="48" width="48" src="icon.png"/>
  </icons>
  <hosts>
    <host name="sidebar">
      <autoscaleDPI>true</autoscaleDPI>
      <base type="html" apiVersion="1.0.0" src="pokerinfo.html"/>
      <permissions>full</permissions>
      <platform minPlatformVersion="1.0"/>
      <defaultImage src="drag.png"/>
    </host>
  </hosts>
</gadget>
