<?xml version="1.0" encoding="UTF-8"?>
<!DOCTYPE hibernate-mapping PUBLIC "-//Hibernate/Hibernate Mapping DTD//EN"
        "http://hibernate.sourceforge.net/hibernate-mapping-3.0.dtd">

<!--
  - Mapping file for the Server.
-->
<hibernate-mapping package="com.azoft.poker.common.persistence" default-cascade="none" default-access="property"
                   default-lazy="true" auto-import="true">

    <class name="com.azoft.poker.common.persistence.server.Server" table="server">
        <id name="id" column="id" unsaved-value="null">
            <generator class="native"/>
        </id>
        <property name="serverType" column="server_type"/>
        <property name="serverName" column="server_name"/>
        <property name="serverAddress" column="server_address"/>
        <property name="serverPort" column="server_port"/>
    </class>

</hibernate-mapping>