<?xml version="1.0" encoding="utf-8"?>
<response list="true">
    <user>
        <uid>41494592</uid>
        <first_name>Иван</first_name>
        <last_name>Иванов</last_name>
        <nickname/>
        <sex>2</sex>
        <city>1133</city>
        <country>1</country>
    </user>
    <user>
        <uid>AAA</uid>
        <first_name>First name 1</first_name>
        <last_name>Last name 1</last_name>
        <nickname>Name 1</nickname>
        <sex>male</sex>
        <bdate>26.11.1983</bdate>
        <city>Riga</city>
        <country>latvia</country>
    </user>
    <user>
        <uid>BBB</uid>
        <first_name>First name 2</first_name>
        <last_name>Last name 2</last_name>
        <country>Russia</country>
        <bdate>25.2.1979</bdate>
    </user>
    <user>
        <uid>CCC</uid>
        <first_name>First name 3</first_name>
        <last_name>Last name 3</last_name>
        <nickname>Name 3</nickname>
        <bdate>25.2</bdate>
        <sex>female</sex>
        <country>Russia</country>
        <city>Novosibirsk</city>
    </user>
</response>
